Enhetsnamn,Rn-sniffer
Enhets-SN,HA02EQ000142
Radonenhet,Bq/m3
Antal data,2260
Varaktighet,01/09/2024 ~ 30/11/2024
Mättid,Radonavläsning per timme
01/09/2024 14:18,21
01/09/2024 15:18,14
01/09/2024 16:18,17
01/09/2024 17:18,24
01/09/2024 18:18,16
01/09/2024 19:18,10
01/09/2024 20:18,10
01/09/2024 21:18,10
01/09/2024 22:18,12
01/09/2024 23:18,35
02/09/2024 00:18,33
02/09/2024 01:18,26
02/09/2024 02:18,16
02/09/2024 03:18,26
02/09/2024 04:18,16
02/09/2024 05:18,21
02/09/2024 06:18,23
02/09/2024 07:18,17
02/09/2024 08:18,19
02/09/2024 09:18,17
02/09/2024 10:18,33
02/09/2024 11:18,38
02/09/2024 12:18,21
02/09/2024 13:18,28
02/09/2024 14:18,17
02/09/2024 15:18,17
02/09/2024 16:18,19
02/09/2024 17:18,33
02/09/2024 18:18,28
02/09/2024 19:18,16
02/09/2024 20:18,17
02/09/2024 21:18,12
02/09/2024 22:18,14
02/09/2024 23:18,26
03/09/2024 00:18,23
03/09/2024 01:18,19
03/09/2024 02:18,17
03/09/2024 03:18,10
03/09/2024 04:18,9
03/09/2024 05:18,9
03/09/2024 06:18,16
03/09/2024 07:18,7
03/09/2024 08:18,14
03/09/2024 09:18,10
03/09/2024 10:18,26
03/09/2024 11:18,24
03/09/2024 12:18,23
03/09/2024 13:18,12
03/09/2024 14:18,17
03/09/2024 15:18,26
03/09/2024 16:18,31
03/09/2024 17:18,26
03/09/2024 18:18,38
03/09/2024 19:18,16
03/09/2024 20:51,21
03/09/2024 21:51,12
03/09/2024 22:51,17
03/09/2024 23:51,9
04/09/2024 00:51,9
04/09/2024 01:51,14
04/09/2024 02:51,10
04/09/2024 03:51,7
04/09/2024 04:51,12
04/09/2024 05:51,9
04/09/2024 06:51,26
04/09/2024 07:51,16
04/09/2024 08:51,14
04/09/2024 09:51,35
04/09/2024 10:51,17
04/09/2024 11:51,14
04/09/2024 12:51,19
04/09/2024 13:51,16
04/09/2024 14:51,30
04/09/2024 15:51,9
04/09/2024 16:51,10
04/09/2024 17:51,21
04/09/2024 18:51,9
04/09/2024 19:51,16
04/09/2024 20:51,12
04/09/2024 21:51,12
04/09/2024 22:51,14
04/09/2024 23:51,16
05/09/2024 00:51,14
05/09/2024 01:51,7
05/09/2024 02:51,10
05/09/2024 03:51,12
05/09/2024 04:51,10
05/09/2024 05:51,10
05/09/2024 06:51,24
05/09/2024 07:51,10
05/09/2024 08:51,16
05/09/2024 09:51,10
05/09/2024 10:51,12
05/09/2024 11:51,17
05/09/2024 12:51,19
05/09/2024 13:51,17
05/09/2024 14:51,23
05/09/2024 15:51,17
05/09/2024 16:51,17
05/09/2024 17:51,12
05/09/2024 18:51,7
05/09/2024 19:51,7
05/09/2024 20:51,9
05/09/2024 21:51,9
05/09/2024 22:51,10
05/09/2024 23:51,10
06/09/2024 00:51,10
06/09/2024 01:51,7
06/09/2024 02:51,7
06/09/2024 03:51,14
06/09/2024 04:51,17
06/09/2024 05:51,17
06/09/2024 06:51,10
06/09/2024 07:51,23
06/09/2024 08:51,9
06/09/2024 09:51,17
06/09/2024 10:51,17
06/09/2024 11:51,19
06/09/2024 12:51,26
06/09/2024 13:51,24
06/09/2024 14:51,16
06/09/2024 15:51,17
06/09/2024 16:51,16
06/09/2024 17:51,7
06/09/2024 18:51,7
06/09/2024 19:51,7
06/09/2024 20:51,9
06/09/2024 21:51,10
06/09/2024 22:51,21
06/09/2024 23:51,23
07/09/2024 00:51,7
07/09/2024 01:51,9
07/09/2024 02:51,14
07/09/2024 03:51,7
07/09/2024 04:51,14
07/09/2024 05:51,21
07/09/2024 06:51,19
07/09/2024 07:51,16
07/09/2024 08:51,14
07/09/2024 09:51,16
07/09/2024 10:51,17
07/09/2024 11:51,12
07/09/2024 12:51,16
07/09/2024 13:51,14
07/09/2024 14:51,9
07/09/2024 15:51,14
07/09/2024 16:51,23
07/09/2024 17:51,21
07/09/2024 18:51,19
07/09/2024 19:51,17
07/09/2024 20:51,16
07/09/2024 21:51,21
07/09/2024 22:51,9
07/09/2024 23:51,21
08/09/2024 00:51,26
08/09/2024 01:51,9
08/09/2024 02:51,19
08/09/2024 03:51,10
08/09/2024 04:51,17
08/09/2024 05:51,9
08/09/2024 06:51,14
08/09/2024 07:51,12
08/09/2024 08:51,9
08/09/2024 09:51,19
08/09/2024 10:51,19
08/09/2024 11:51,16
08/09/2024 12:51,28
08/09/2024 13:51,12
08/09/2024 14:51,38
08/09/2024 15:51,10
08/09/2024 16:51,21
08/09/2024 17:51,12
08/09/2024 18:51,16
08/09/2024 19:51,23
08/09/2024 20:51,14
08/09/2024 21:51,23
08/09/2024 22:51,16
08/09/2024 23:51,16
09/09/2024 00:51,17
09/09/2024 01:51,21
09/09/2024 02:51,17
09/09/2024 03:51,17
09/09/2024 04:51,10
09/09/2024 05:51,16
09/09/2024 06:51,10
09/09/2024 07:51,10
09/09/2024 08:51,14
09/09/2024 09:51,12
09/09/2024 10:51,17
09/09/2024 11:51,19
09/09/2024 12:51,19
09/09/2024 13:51,14
09/09/2024 14:51,17
09/09/2024 15:51,26
09/09/2024 16:51,16
09/09/2024 17:51,16
09/09/2024 18:51,16
09/09/2024 19:51,28
09/09/2024 20:51,17
09/09/2024 21:51,17
09/09/2024 22:51,7
09/09/2024 23:51,7
10/09/2024 00:51,12
10/09/2024 01:51,9
10/09/2024 02:51,9
10/09/2024 03:51,12
10/09/2024 04:51,10
10/09/2024 05:51,16
10/09/2024 06:51,7
10/09/2024 07:51,7
10/09/2024 08:51,12
10/09/2024 09:51,17
10/09/2024 10:51,16
10/09/2024 11:51,7
10/09/2024 12:51,7
10/09/2024 13:51,14
10/09/2024 14:51,10
10/09/2024 15:51,23
10/09/2024 16:51,9
10/09/2024 17:51,9
10/09/2024 18:51,21
10/09/2024 19:51,12
10/09/2024 20:51,14
10/09/2024 21:51,14
10/09/2024 22:51,23
10/09/2024 23:51,21
11/09/2024 00:51,23
11/09/2024 01:51,9
11/09/2024 01:51,9
11/09/2024 01:51,9
11/09/2024 02:51,14
11/09/2024 02:51,14
11/09/2024 02:51,14
11/09/2024 03:51,26
11/09/2024 03:51,26
11/09/2024 03:51,26
11/09/2024 04:51,42
11/09/2024 04:51,42
11/09/2024 04:51,42
11/09/2024 05:51,28
11/09/2024 05:51,28
11/09/2024 05:51,28
11/09/2024 06:51,17
11/09/2024 06:51,17
11/09/2024 06:51,17
11/09/2024 07:51,37
11/09/2024 07:51,37
11/09/2024 07:51,37
11/09/2024 08:51,24
11/09/2024 08:51,24
11/09/2024 08:51,24
11/09/2024 09:51,24
11/09/2024 09:51,24
11/09/2024 09:51,24
11/09/2024 10:51,38
11/09/2024 10:51,38
11/09/2024 10:51,38
11/09/2024 11:51,90
11/09/2024 11:51,90
11/09/2024 11:51,90
11/09/2024 12:51,67
11/09/2024 12:51,67
11/09/2024 12:51,67
11/09/2024 13:51,63
11/09/2024 13:51,63
11/09/2024 13:51,63
11/09/2024 14:51,81
11/09/2024 14:51,81
11/09/2024 14:51,81
11/09/2024 15:51,63
11/09/2024 15:51,63
11/09/2024 15:51,63
11/09/2024 16:51,42
11/09/2024 16:51,42
11/09/2024 16:51,42
11/09/2024 17:51,24
11/09/2024 17:51,24
11/09/2024 17:51,24
11/09/2024 18:51,9
11/09/2024 18:51,9
11/09/2024 18:51,9
11/09/2024 19:51,7
11/09/2024 19:51,7
11/09/2024 19:51,7
11/09/2024 20:51,7
11/09/2024 20:51,7
11/09/2024 20:51,7
11/09/2024 21:51,17
11/09/2024 21:51,17
11/09/2024 21:51,17
11/09/2024 22:51,49
11/09/2024 22:51,49
11/09/2024 22:51,49
11/09/2024 23:51,45
11/09/2024 23:51,45
11/09/2024 23:51,45
12/09/2024 00:51,47
12/09/2024 00:51,47
12/09/2024 00:51,47
12/09/2024 01:51,44
12/09/2024 01:51,44
12/09/2024 01:51,44
12/09/2024 02:51,26
12/09/2024 02:51,26
12/09/2024 02:51,26
12/09/2024 03:51,35
12/09/2024 03:51,35
12/09/2024 03:51,35
12/09/2024 04:51,33
12/09/2024 04:51,33
12/09/2024 04:51,33
12/09/2024 05:51,42
12/09/2024 05:51,42
12/09/2024 05:51,42
12/09/2024 06:51,30
12/09/2024 06:51,30
12/09/2024 06:51,30
12/09/2024 07:51,33
12/09/2024 07:51,33
12/09/2024 07:51,33
12/09/2024 08:51,58
12/09/2024 08:51,58
12/09/2024 08:51,58
12/09/2024 09:51,67
12/09/2024 09:51,67
12/09/2024 09:51,67
12/09/2024 10:51,58
12/09/2024 10:51,58
12/09/2024 10:51,58
12/09/2024 11:51,38
12/09/2024 11:51,38
12/09/2024 11:51,38
12/09/2024 12:51,63
12/09/2024 12:51,63
12/09/2024 12:51,63
12/09/2024 13:51,54
12/09/2024 13:51,54
12/09/2024 13:51,54
12/09/2024 14:51,67
12/09/2024 14:51,67
12/09/2024 14:51,67
12/09/2024 15:51,68
12/09/2024 15:51,68
12/09/2024 15:51,68
12/09/2024 16:51,63
12/09/2024 16:51,63
12/09/2024 16:51,63
12/09/2024 17:51,42
12/09/2024 17:51,42
12/09/2024 17:51,42
12/09/2024 18:51,26
12/09/2024 18:51,26
12/09/2024 18:51,26
12/09/2024 19:51,16
12/09/2024 19:51,16
12/09/2024 19:51,16
12/09/2024 20:51,21
12/09/2024 20:51,21
12/09/2024 20:51,21
12/09/2024 21:51,33
12/09/2024 21:51,33
12/09/2024 21:51,33
12/09/2024 22:51,40
12/09/2024 22:51,40
12/09/2024 22:51,40
12/09/2024 23:51,38
12/09/2024 23:51,38
12/09/2024 23:51,38
13/09/2024 00:51,51
13/09/2024 00:51,51
13/09/2024 00:51,51
13/09/2024 01:51,47
13/09/2024 01:51,47
13/09/2024 01:51,47
13/09/2024 02:51,67
13/09/2024 02:51,67
13/09/2024 02:51,67
13/09/2024 03:51,67
13/09/2024 03:51,67
13/09/2024 03:51,67
13/09/2024 04:51,77
13/09/2024 05:51,54
13/09/2024 06:51,54
13/09/2024 07:51,76
13/09/2024 08:51,99
13/09/2024 09:51,99
13/09/2024 10:51,99
13/09/2024 11:51,97
13/09/2024 12:51,99
13/09/2024 13:51,99
13/09/2024 14:51,106
13/09/2024 15:51,68
13/09/2024 16:51,77
13/09/2024 17:51,54
13/09/2024 18:51,38
13/09/2024 19:51,26
13/09/2024 20:51,28
13/09/2024 21:51,38
13/09/2024 22:51,60
13/09/2024 23:51,56
14/09/2024 00:51,68
14/09/2024 01:51,92
14/09/2024 02:51,93
14/09/2024 03:51,79
14/09/2024 04:51,90
14/09/2024 05:51,88
14/09/2024 06:51,90
14/09/2024 07:51,92
14/09/2024 08:51,108
14/09/2024 09:51,108
14/09/2024 10:51,118
14/09/2024 11:51,92
14/09/2024 12:51,51
14/09/2024 13:51,35
14/09/2024 14:51,14
14/09/2024 15:51,9
14/09/2024 16:51,7
14/09/2024 17:51,7
14/09/2024 18:51,14
14/09/2024 19:51,26
14/09/2024 20:51,26
14/09/2024 21:51,51
14/09/2024 22:51,79
14/09/2024 23:51,77
15/09/2024 00:51,74
15/09/2024 01:51,100
15/09/2024 02:51,79
15/09/2024 03:51,70
15/09/2024 04:51,65
15/09/2024 05:51,67
15/09/2024 06:51,79
15/09/2024 07:51,53
15/09/2024 08:51,56
15/09/2024 09:51,109
15/09/2024 10:51,156
15/09/2024 11:51,131
15/09/2024 12:51,102
15/09/2024 13:51,51
15/09/2024 14:51,40
15/09/2024 15:51,17
15/09/2024 16:51,31
15/09/2024 17:51,24
15/09/2024 18:51,9
15/09/2024 19:51,17
15/09/2024 20:51,35
15/09/2024 21:51,88
15/09/2024 22:51,95
15/09/2024 23:51,97
16/09/2024 00:51,111
16/09/2024 01:51,86
16/09/2024 02:51,88
16/09/2024 03:51,86
16/09/2024 04:51,77
16/09/2024 05:51,77
16/09/2024 06:51,95
16/09/2024 07:51,117
16/09/2024 08:51,133
16/09/2024 09:51,81
16/09/2024 10:51,108
16/09/2024 11:51,118
16/09/2024 12:51,90
16/09/2024 13:51,70
16/09/2024 14:51,74
16/09/2024 15:51,95
16/09/2024 16:51,86
16/09/2024 17:51,86
16/09/2024 18:51,104
16/09/2024 19:51,115
16/09/2024 20:51,90
16/09/2024 21:51,68
16/09/2024 22:51,86
16/09/2024 23:51,84
17/09/2024 00:51,99
17/09/2024 01:51,124
17/09/2024 02:51,108
17/09/2024 03:51,104
17/09/2024 04:51,122
17/09/2024 05:51,106
17/09/2024 06:51,120
17/09/2024 07:51,97
17/09/2024 08:51,106
17/09/2024 09:51,120
17/09/2024 10:51,106
17/09/2024 11:51,136
17/09/2024 12:51,111
17/09/2024 13:51,77
17/09/2024 14:51,120
17/09/2024 15:51,111
17/09/2024 16:51,99
17/09/2024 17:51,109
17/09/2024 18:51,51
17/09/2024 19:51,37
17/09/2024 20:51,49
17/09/2024 21:51,40
17/09/2024 22:51,51
17/09/2024 23:51,56
18/09/2024 00:51,74
18/09/2024 01:51,72
18/09/2024 02:51,84
18/09/2024 03:51,90
18/09/2024 04:51,111
18/09/2024 05:51,126
18/09/2024 06:51,126
18/09/2024 07:51,118
18/09/2024 08:51,77
18/09/2024 09:51,97
18/09/2024 10:51,108
18/09/2024 11:51,126
18/09/2024 12:51,147
18/09/2024 13:51,127
18/09/2024 14:51,135
18/09/2024 15:51,104
18/09/2024 16:51,92
18/09/2024 17:51,65
18/09/2024 18:51,65
18/09/2024 19:51,30
18/09/2024 20:51,49
18/09/2024 21:51,49
18/09/2024 22:51,76
18/09/2024 23:51,88
19/09/2024 00:51,97
19/09/2024 01:51,100
19/09/2024 02:51,118
19/09/2024 03:51,100
19/09/2024 04:51,124
19/09/2024 05:51,175
19/09/2024 06:51,149
19/09/2024 07:51,171
19/09/2024 08:51,165
19/09/2024 09:51,165
19/09/2024 10:51,136
19/09/2024 11:51,138
19/09/2024 12:51,100
19/09/2024 13:51,81
19/09/2024 14:51,60
19/09/2024 15:51,65
19/09/2024 16:51,44
19/09/2024 17:51,31
19/09/2024 18:51,23
19/09/2024 19:51,24
19/09/2024 20:51,23
19/09/2024 21:51,14
19/09/2024 22:51,16
19/09/2024 23:51,16
20/09/2024 00:51,10
20/09/2024 01:51,17
20/09/2024 02:51,9
20/09/2024 03:51,14
20/09/2024 04:51,17
20/09/2024 05:51,9
20/09/2024 06:51,7
20/09/2024 07:51,7
20/09/2024 08:51,12
20/09/2024 09:51,21
20/09/2024 10:51,10
20/09/2024 11:51,35
20/09/2024 12:51,21
20/09/2024 13:51,35
20/09/2024 14:51,28
20/09/2024 15:51,31
20/09/2024 16:51,54
20/09/2024 17:51,38
20/09/2024 18:51,35
20/09/2024 19:51,28
20/09/2024 20:51,37
20/09/2024 21:51,30
20/09/2024 22:51,49
20/09/2024 23:51,40
21/09/2024 01:38,65
21/09/2024 02:38,70
21/09/2024 03:38,90
21/09/2024 04:38,88
21/09/2024 05:38,115
21/09/2024 06:38,83
21/09/2024 07:38,90
21/09/2024 08:38,102
21/09/2024 09:38,113
21/09/2024 10:38,90
21/09/2024 11:38,40
21/09/2024 12:38,40
21/09/2024 13:38,21
21/09/2024 14:38,26
21/09/2024 15:38,23
21/09/2024 16:38,28
21/09/2024 17:38,28
21/09/2024 18:38,24
21/09/2024 19:38,21
21/09/2024 20:38,24
21/09/2024 21:38,23
21/09/2024 22:38,47
21/09/2024 23:38,30
22/09/2024 00:38,49
22/09/2024 01:38,45
22/09/2024 02:38,38
22/09/2024 03:38,45
22/09/2024 04:38,54
22/09/2024 05:38,37
22/09/2024 06:38,49
22/09/2024 07:38,72
22/09/2024 08:38,68
22/09/2024 09:38,61
22/09/2024 10:38,44
22/09/2024 11:38,49
22/09/2024 12:38,37
22/09/2024 13:38,26
22/09/2024 14:38,35
22/09/2024 15:38,30
22/09/2024 16:38,33
22/09/2024 17:38,40
22/09/2024 18:38,23
22/09/2024 19:38,26
22/09/2024 20:38,26
22/09/2024 21:38,37
22/09/2024 22:38,49
22/09/2024 23:38,45
23/09/2024 00:38,56
23/09/2024 01:38,65
23/09/2024 02:38,53
23/09/2024 03:38,84
23/09/2024 04:38,102
23/09/2024 05:38,93
23/09/2024 06:38,100
23/09/2024 07:38,127
23/09/2024 08:38,126
23/09/2024 09:38,113
23/09/2024 10:38,106
23/09/2024 11:38,102
23/09/2024 12:38,86
23/09/2024 13:38,60
23/09/2024 14:38,28
23/09/2024 15:38,54
23/09/2024 16:38,44
23/09/2024 17:38,31
23/09/2024 18:38,21
23/09/2024 19:38,31
23/09/2024 20:38,31
23/09/2024 21:38,44
23/09/2024 22:38,56
23/09/2024 23:38,56
24/09/2024 00:38,79
24/09/2024 01:38,93
24/09/2024 02:38,120
24/09/2024 03:38,113
24/09/2024 04:38,136
24/09/2024 05:38,136
24/09/2024 06:38,165
24/09/2024 07:38,164
24/09/2024 08:38,175
24/09/2024 09:38,178
24/09/2024 10:38,164
24/09/2024 11:38,197
24/09/2024 12:38,187
24/09/2024 13:38,217
24/09/2024 14:38,222
24/09/2024 15:38,200
24/09/2024 16:38,269
24/09/2024 17:38,200
24/09/2024 18:38,220
24/09/2024 19:38,271
24/09/2024 20:38,195
24/09/2024 21:38,189
24/09/2024 22:38,243
24/09/2024 23:38,258
25/09/2024 00:38,195
25/09/2024 01:38,220
25/09/2024 02:38,215
25/09/2024 03:38,228
25/09/2024 04:38,187
25/09/2024 05:38,206
25/09/2024 06:38,245
25/09/2024 07:38,200
25/09/2024 08:38,235
25/09/2024 09:38,232
25/09/2024 10:38,213
25/09/2024 11:38,200
25/09/2024 12:38,165
25/09/2024 13:38,193
25/09/2024 14:38,200
25/09/2024 15:38,189
25/09/2024 16:38,149
25/09/2024 17:38,164
25/09/2024 18:38,72
25/09/2024 19:38,54
25/09/2024 20:38,99
25/09/2024 21:38,135
25/09/2024 22:38,145
25/09/2024 23:38,187
26/09/2024 00:38,211
26/09/2024 02:14,169
26/09/2024 03:14,232
26/09/2024 04:14,230
26/09/2024 05:14,224
26/09/2024 06:14,248
26/09/2024 07:14,258
26/09/2024 08:14,228
26/09/2024 09:14,241
26/09/2024 10:14,222
26/09/2024 11:14,198
26/09/2024 12:14,208
26/09/2024 13:14,211
26/09/2024 14:14,204
26/09/2024 15:14,197
26/09/2024 16:14,219
26/09/2024 17:14,226
26/09/2024 18:14,209
26/09/2024 19:14,239
26/09/2024 20:14,215
26/09/2024 21:14,206
26/09/2024 22:14,206
26/09/2024 23:14,209
27/09/2024 00:14,195
27/09/2024 01:14,193
27/09/2024 02:14,122
27/09/2024 03:14,184
27/09/2024 04:14,176
27/09/2024 05:14,187
27/09/2024 06:14,175
27/09/2024 07:14,191
27/09/2024 08:14,200
27/09/2024 09:14,195
27/09/2024 10:14,169
27/09/2024 11:14,151
27/09/2024 12:14,117
27/09/2024 13:14,108
27/09/2024 14:14,95
27/09/2024 15:14,108
27/09/2024 16:14,117
27/09/2024 17:14,84
27/09/2024 18:14,58
27/09/2024 19:14,65
27/09/2024 20:14,65
27/09/2024 21:14,51
27/09/2024 22:14,84
27/09/2024 23:14,99
28/09/2024 00:14,111
28/09/2024 01:14,138
28/09/2024 02:14,167
28/09/2024 03:14,155
28/09/2024 04:14,178
28/09/2024 05:14,115
28/09/2024 06:14,204
28/09/2024 07:14,186
28/09/2024 08:14,200
28/09/2024 09:14,222
28/09/2024 10:14,224
28/09/2024 11:14,228
28/09/2024 12:14,162
28/09/2024 13:14,109
28/09/2024 14:14,95
28/09/2024 15:14,99
28/09/2024 16:14,81
28/09/2024 17:14,63
28/09/2024 18:14,61
28/09/2024 19:14,65
28/09/2024 20:14,70
28/09/2024 21:14,79
28/09/2024 22:14,81
28/09/2024 23:14,106
29/09/2024 00:14,83
29/09/2024 01:14,86
29/09/2024 02:14,106
29/09/2024 03:14,93
29/09/2024 04:14,135
29/09/2024 05:14,115
29/09/2024 06:14,142
29/09/2024 07:14,118
29/09/2024 08:14,133
29/09/2024 09:14,164
29/09/2024 10:14,129
29/09/2024 11:14,93
29/09/2024 12:14,65
29/09/2024 13:14,33
29/09/2024 14:14,49
29/09/2024 15:14,14
29/09/2024 16:14,19
29/09/2024 17:14,16
29/09/2024 18:14,16
29/09/2024 19:14,21
29/09/2024 20:14,37
29/09/2024 21:14,44
29/09/2024 22:14,65
29/09/2024 23:14,83
30/09/2024 00:14,83
30/09/2024 01:14,111
30/09/2024 02:14,118
30/09/2024 03:14,142
30/09/2024 04:14,135
30/09/2024 05:14,164
30/09/2024 06:14,167
30/09/2024 07:14,171
30/09/2024 08:14,184
30/09/2024 09:14,208
30/09/2024 10:14,169
30/09/2024 11:14,155
30/09/2024 12:14,144
30/09/2024 13:14,133
30/09/2024 14:14,175
30/09/2024 15:14,136
30/09/2024 16:14,173
30/09/2024 17:14,158
30/09/2024 18:14,173
30/09/2024 19:14,160
30/09/2024 20:14,162
30/09/2024 21:14,153
30/09/2024 22:14,165
30/09/2024 23:14,140
01/10/2024 00:14,145
01/10/2024 01:14,135
01/10/2024 02:14,167
01/10/2024 03:14,191
01/10/2024 04:14,149
01/10/2024 05:14,198
01/10/2024 06:14,149
01/10/2024 07:14,184
01/10/2024 08:14,197
01/10/2024 09:14,156
01/10/2024 10:14,147
01/10/2024 11:14,158
01/10/2024 12:14,178
01/10/2024 13:14,197
01/10/2024 14:14,176
01/10/2024 15:14,182
01/10/2024 16:14,171
01/10/2024 17:14,117
01/10/2024 18:14,92
01/10/2024 19:14,83
01/10/2024 20:14,95
01/10/2024 21:14,97
01/10/2024 22:14,118
01/10/2024 23:14,99
02/10/2024 00:14,133
02/10/2024 01:14,135
02/10/2024 02:14,140
02/10/2024 03:14,142
02/10/2024 04:14,129
02/10/2024 05:14,167
02/10/2024 06:14,126
02/10/2024 07:14,151
02/10/2024 08:14,147
02/10/2024 09:14,171
02/10/2024 10:14,144
02/10/2024 11:14,129
02/10/2024 12:14,115
02/10/2024 13:14,117
02/10/2024 14:14,106
02/10/2024 15:14,142
02/10/2024 16:14,127
02/10/2024 17:14,97
02/10/2024 18:14,129
02/10/2024 19:14,113
02/10/2024 20:14,136
02/10/2024 21:14,165
02/10/2024 22:14,180
02/10/2024 23:14,158
03/10/2024 00:14,171
03/10/2024 01:14,147
03/10/2024 02:14,145
03/10/2024 03:14,184
03/10/2024 04:14,162
03/10/2024 05:14,147
03/10/2024 06:14,176
03/10/2024 07:14,145
03/10/2024 08:14,156
03/10/2024 09:14,147
03/10/2024 10:14,167
03/10/2024 11:14,160
03/10/2024 12:14,176
03/10/2024 13:14,165
03/10/2024 14:14,158
03/10/2024 15:14,131
03/10/2024 16:14,155
03/10/2024 17:14,149
03/10/2024 18:14,104
03/10/2024 19:14,79
03/10/2024 20:14,118
03/10/2024 21:14,117
03/10/2024 22:14,149
03/10/2024 23:14,155
04/10/2024 00:14,133
04/10/2024 01:14,140
04/10/2024 02:14,155
04/10/2024 03:14,200
04/10/2024 04:14,198
04/10/2024 05:14,184
04/10/2024 06:14,175
04/10/2024 07:14,220
04/10/2024 08:14,191
04/10/2024 09:14,224
04/10/2024 10:14,186
04/10/2024 11:14,189
04/10/2024 12:14,176
04/10/2024 13:14,147
04/10/2024 14:14,169
04/10/2024 15:14,178
04/10/2024 16:14,153
04/10/2024 17:14,74
04/10/2024 18:14,56
04/10/2024 19:14,47
04/10/2024 20:14,65
04/10/2024 21:14,102
04/10/2024 22:14,144
04/10/2024 23:14,165
05/10/2024 00:14,182
05/10/2024 01:14,219
05/10/2024 02:14,189
05/10/2024 03:14,193
05/10/2024 04:14,220
05/10/2024 05:14,267
05/10/2024 06:14,252
05/10/2024 07:14,263
05/10/2024 08:14,232
05/10/2024 09:14,265
05/10/2024 10:14,273
05/10/2024 11:14,280
05/10/2024 12:14,288
05/10/2024 13:14,222
05/10/2024 14:14,208
05/10/2024 15:14,213
05/10/2024 16:14,189
05/10/2024 17:14,186
05/10/2024 18:14,164
05/10/2024 19:14,202
05/10/2024 20:14,209
05/10/2024 21:14,155
05/10/2024 22:14,208
05/10/2024 23:14,182
06/10/2024 00:14,189
06/10/2024 01:14,213
06/10/2024 02:14,226
06/10/2024 03:14,211
06/10/2024 04:14,243
06/10/2024 05:14,239
06/10/2024 06:14,241
06/10/2024 07:14,286
06/10/2024 08:14,278
06/10/2024 09:14,280
06/10/2024 10:14,228
06/10/2024 11:14,256
06/10/2024 12:14,233
06/10/2024 13:14,224
06/10/2024 14:14,220
06/10/2024 15:14,173
06/10/2024 16:14,178
06/10/2024 17:14,126
06/10/2024 18:14,118
06/10/2024 19:14,111
06/10/2024 20:14,131
06/10/2024 21:14,144
06/10/2024 22:14,149
06/10/2024 23:14,171
07/10/2024 00:14,209
07/10/2024 01:14,165
07/10/2024 02:14,222
07/10/2024 03:14,241
07/10/2024 04:14,241
07/10/2024 05:14,246
07/10/2024 06:14,245
07/10/2024 07:14,243
07/10/2024 08:14,233
07/10/2024 09:14,224
07/10/2024 10:14,235
07/10/2024 11:14,250
07/10/2024 12:14,243
07/10/2024 13:14,275
07/10/2024 14:14,232
07/10/2024 15:14,217
07/10/2024 16:14,217
07/10/2024 17:14,233
07/10/2024 18:14,217
07/10/2024 19:14,197
07/10/2024 20:14,187
07/10/2024 21:14,165
07/10/2024 22:14,195
07/10/2024 23:14,171
08/10/2024 00:14,208
08/10/2024 01:14,237
08/10/2024 02:14,239
08/10/2024 03:14,263
08/10/2024 04:14,258
08/10/2024 05:14,282
08/10/2024 06:14,276
08/10/2024 07:14,278
08/10/2024 08:14,265
08/10/2024 09:14,271
08/10/2024 10:14,271
08/10/2024 11:14,243
08/10/2024 12:14,215
08/10/2024 13:14,206
08/10/2024 14:14,230
08/10/2024 15:14,202
08/10/2024 16:14,219
08/10/2024 17:14,197
08/10/2024 18:14,208
08/10/2024 19:14,222
08/10/2024 20:14,189
08/10/2024 21:14,215
08/10/2024 22:14,233
08/10/2024 23:14,246
09/10/2024 00:14,250
09/10/2024 01:14,275
09/10/2024 02:14,260
09/10/2024 03:14,263
09/10/2024 04:14,301
09/10/2024 05:14,349
09/10/2024 06:14,335
09/10/2024 07:14,297
09/10/2024 08:14,326
09/10/2024 09:14,341
09/10/2024 10:14,349
09/10/2024 11:14,345
09/10/2024 12:14,366
09/10/2024 13:14,396
09/10/2024 14:14,471
09/10/2024 15:14,429
09/10/2024 16:14,320
09/10/2024 17:14,230
09/10/2024 18:14,204
09/10/2024 19:14,224
09/10/2024 20:14,290
09/10/2024 21:14,235
09/10/2024 22:14,258
09/10/2024 23:14,276
10/10/2024 00:14,309
10/10/2024 01:14,349
10/10/2024 02:14,269
10/10/2024 03:14,282
10/10/2024 04:14,334
10/10/2024 05:14,359
10/10/2024 06:14,366
10/10/2024 07:14,326
10/10/2024 08:14,292
10/10/2024 09:14,301
10/10/2024 10:14,275
10/10/2024 11:14,311
10/10/2024 12:14,271
10/10/2024 13:14,258
10/10/2024 14:14,230
10/10/2024 15:14,252
10/10/2024 16:14,206
10/10/2024 17:14,208
10/10/2024 18:14,171
10/10/2024 19:14,113
10/10/2024 20:14,133
10/10/2024 21:14,97
10/10/2024 22:14,97
10/10/2024 23:14,84
11/10/2024 00:14,88
11/10/2024 01:14,77
11/10/2024 02:14,83
11/10/2024 03:14,106
11/10/2024 04:14,104
11/10/2024 05:14,86
11/10/2024 06:14,90
11/10/2024 07:14,70
11/10/2024 08:14,88
11/10/2024 09:14,90
11/10/2024 10:14,99
11/10/2024 11:14,108
11/10/2024 12:14,92
11/10/2024 13:14,81
11/10/2024 14:14,60
11/10/2024 15:14,83
11/10/2024 16:14,67
11/10/2024 17:14,77
11/10/2024 18:14,68
11/10/2024 19:14,70
11/10/2024 20:14,67
11/10/2024 21:14,72
11/10/2024 22:14,113
11/10/2024 23:14,111
12/10/2024 00:14,108
12/10/2024 01:14,124
12/10/2024 02:14,135
12/10/2024 03:14,129
12/10/2024 04:14,127
12/10/2024 05:14,145
12/10/2024 06:14,153
12/10/2024 07:14,173
12/10/2024 08:14,149
12/10/2024 09:14,193
12/10/2024 10:14,191
12/10/2024 11:14,197
12/10/2024 12:14,193
12/10/2024 13:14,187
12/10/2024 14:14,113
12/10/2024 15:14,117
12/10/2024 16:14,76
12/10/2024 17:14,65
12/10/2024 18:14,92
12/10/2024 19:14,113
12/10/2024 20:14,149
12/10/2024 21:14,145
12/10/2024 22:14,135
12/10/2024 23:14,151
13/10/2024 00:14,175
13/10/2024 01:14,149
13/10/2024 02:14,142
13/10/2024 03:14,173
13/10/2024 04:14,158
13/10/2024 05:14,195
13/10/2024 06:14,200
13/10/2024 07:14,178
13/10/2024 08:14,182
13/10/2024 10:01,228
13/10/2024 11:01,200
13/10/2024 12:01,206
13/10/2024 13:01,135
13/10/2024 14:01,104
13/10/2024 15:01,77
13/10/2024 16:01,67
13/10/2024 17:01,106
13/10/2024 18:01,97
13/10/2024 19:01,113
13/10/2024 20:01,92
13/10/2024 21:01,102
13/10/2024 22:01,122
13/10/2024 23:01,136
14/10/2024 00:01,122
14/10/2024 01:01,118
14/10/2024 02:01,164
14/10/2024 03:01,149
14/10/2024 04:01,165
14/10/2024 05:01,164
14/10/2024 06:01,169
14/10/2024 07:01,145
14/10/2024 08:01,155
14/10/2024 09:01,197
14/10/2024 10:01,193
14/10/2024 11:01,204
14/10/2024 12:01,239
14/10/2024 13:01,151
14/10/2024 14:01,138
14/10/2024 15:01,100
14/10/2024 16:01,108
14/10/2024 17:01,84
14/10/2024 18:01,77
14/10/2024 19:01,81
14/10/2024 20:01,77
14/10/2024 21:01,76
14/10/2024 22:01,109
14/10/2024 23:01,113
15/10/2024 00:01,171
15/10/2024 01:01,173
15/10/2024 02:01,197
15/10/2024 03:01,243
15/10/2024 04:01,243
15/10/2024 05:01,273
15/10/2024 06:01,256
15/10/2024 07:01,286
15/10/2024 08:01,299
15/10/2024 09:01,265
15/10/2024 10:01,250
15/10/2024 11:01,271
15/10/2024 12:01,299
15/10/2024 13:01,261
15/10/2024 14:01,222
15/10/2024 15:01,230
15/10/2024 16:01,193
15/10/2024 17:01,195
15/10/2024 18:01,165
15/10/2024 19:01,209
15/10/2024 20:01,206
15/10/2024 21:01,189
15/10/2024 22:01,239
15/10/2024 23:01,243
16/10/2024 00:01,193
16/10/2024 01:01,252
16/10/2024 02:01,252
16/10/2024 03:01,237
16/10/2024 04:01,292
16/10/2024 05:01,292
16/10/2024 06:01,301
16/10/2024 07:01,286
16/10/2024 08:01,305
16/10/2024 09:01,280
16/10/2024 10:01,263
16/10/2024 11:01,193
16/10/2024 12:01,208
16/10/2024 13:01,191
16/10/2024 14:01,186
16/10/2024 15:01,222
16/10/2024 16:01,200
16/10/2024 17:01,175
16/10/2024 18:01,140
16/10/2024 19:01,173
16/10/2024 20:01,164
16/10/2024 21:01,151
16/10/2024 22:01,164
16/10/2024 23:01,173
17/10/2024 00:01,156
17/10/2024 01:01,136
17/10/2024 02:01,160
17/10/2024 03:01,171
17/10/2024 04:01,133
17/10/2024 05:01,169
17/10/2024 06:01,197
17/10/2024 07:01,195
17/10/2024 08:01,162
17/10/2024 09:01,178
17/10/2024 10:01,175
17/10/2024 11:01,129
17/10/2024 12:01,147
17/10/2024 13:01,162
17/10/2024 14:01,178
17/10/2024 15:01,164
17/10/2024 16:38,155
17/10/2024 17:38,178
17/10/2024 18:38,208
17/10/2024 19:38,186
17/10/2024 20:38,162
17/10/2024 21:38,197
17/10/2024 22:38,202
17/10/2024 23:38,208
18/10/2024 00:38,191
18/10/2024 01:38,233
18/10/2024 02:38,228
18/10/2024 03:38,248
18/10/2024 04:38,204
18/10/2024 05:38,211
18/10/2024 06:38,232
18/10/2024 07:38,267
18/10/2024 08:38,254
18/10/2024 09:38,235
18/10/2024 10:38,217
18/10/2024 11:38,235
18/10/2024 12:38,263
18/10/2024 13:38,263
18/10/2024 14:38,269
18/10/2024 15:38,243
18/10/2024 16:38,250
18/10/2024 17:38,284
18/10/2024 18:38,286
18/10/2024 19:38,297
18/10/2024 20:38,292
18/10/2024 21:38,318
18/10/2024 22:38,275
18/10/2024 23:38,278
19/10/2024 00:38,278
19/10/2024 01:38,313
19/10/2024 02:38,254
19/10/2024 03:38,320
19/10/2024 04:38,292
19/10/2024 05:38,303
19/10/2024 06:38,313
19/10/2024 07:38,245
19/10/2024 08:38,241
19/10/2024 09:38,278
19/10/2024 10:38,297
19/10/2024 11:38,267
19/10/2024 12:38,299
19/10/2024 13:38,290
19/10/2024 14:38,193
19/10/2024 15:38,90
19/10/2024 16:38,51
19/10/2024 17:38,51
19/10/2024 18:38,67
19/10/2024 19:38,124
19/10/2024 20:38,151
19/10/2024 21:38,206
19/10/2024 22:38,200
19/10/2024 23:38,237
20/10/2024 00:38,239
20/10/2024 01:38,222
20/10/2024 02:38,271
20/10/2024 03:38,276
20/10/2024 04:38,230
20/10/2024 05:38,297
20/10/2024 06:38,311
20/10/2024 07:38,343
20/10/2024 08:38,337
20/10/2024 09:38,303
20/10/2024 10:38,334
20/10/2024 11:38,355
20/10/2024 12:38,351
20/10/2024 13:38,314
20/10/2024 14:38,197
20/10/2024 15:38,129
20/10/2024 16:38,53
20/10/2024 17:38,26
20/10/2024 18:38,53
20/10/2024 19:38,58
20/10/2024 20:38,106
20/10/2024 21:38,158
20/10/2024 22:38,195
20/10/2024 23:38,193
21/10/2024 00:38,204
21/10/2024 01:38,254
21/10/2024 02:38,250
21/10/2024 03:38,241
21/10/2024 04:38,260
21/10/2024 05:38,276
21/10/2024 06:38,275
21/10/2024 07:38,273
21/10/2024 08:38,239
21/10/2024 09:38,211
21/10/2024 10:38,197
21/10/2024 11:38,189
21/10/2024 12:38,164
21/10/2024 13:38,131
21/10/2024 14:38,118
21/10/2024 15:38,118
21/10/2024 16:38,124
21/10/2024 17:38,81
21/10/2024 18:38,102
21/10/2024 19:38,79
21/10/2024 20:38,102
21/10/2024 21:38,126
21/10/2024 22:38,169
21/10/2024 23:38,136
22/10/2024 00:38,142
22/10/2024 01:38,198
22/10/2024 02:38,164
22/10/2024 03:38,167
22/10/2024 04:38,187
22/10/2024 05:38,202
22/10/2024 06:38,219
22/10/2024 07:38,182
22/10/2024 08:38,204
22/10/2024 09:38,222
22/10/2024 10:38,248
22/10/2024 11:38,222
22/10/2024 12:38,198
22/10/2024 13:38,217
22/10/2024 14:38,160
22/10/2024 15:38,138
22/10/2024 16:38,140
22/10/2024 17:38,99
22/10/2024 18:38,63
22/10/2024 19:38,88
22/10/2024 20:38,93
22/10/2024 21:38,122
22/10/2024 22:38,109
22/10/2024 23:38,122
23/10/2024 00:38,140
23/10/2024 01:38,165
23/10/2024 02:38,158
23/10/2024 03:38,155
23/10/2024 04:38,131
23/10/2024 05:38,126
23/10/2024 06:38,158
23/10/2024 07:38,147
23/10/2024 08:38,171
23/10/2024 09:38,186
23/10/2024 10:38,176
23/10/2024 11:38,204
23/10/2024 12:38,140
23/10/2024 13:38,97
23/10/2024 14:38,120
23/10/2024 15:38,100
23/10/2024 16:38,70
23/10/2024 17:38,109
23/10/2024 18:38,108
23/10/2024 19:38,135
23/10/2024 20:38,169
23/10/2024 21:38,151
23/10/2024 22:38,156
23/10/2024 23:38,182
24/10/2024 00:38,189
24/10/2024 01:38,149
24/10/2024 02:38,176
24/10/2024 03:38,206
24/10/2024 04:38,189
24/10/2024 05:38,213
24/10/2024 06:38,224
24/10/2024 07:38,222
24/10/2024 08:38,252
24/10/2024 09:38,243
24/10/2024 10:38,254
24/10/2024 11:38,237
24/10/2024 12:38,246
24/10/2024 13:38,209
24/10/2024 14:38,245
24/10/2024 15:38,219
24/10/2024 16:38,243
24/10/2024 17:38,241
24/10/2024 18:38,263
24/10/2024 19:38,286
24/10/2024 20:38,261
24/10/2024 21:38,265
24/10/2024 22:38,261
24/10/2024 23:38,271
25/10/2024 00:38,295
25/10/2024 01:38,273
25/10/2024 02:38,297
25/10/2024 03:38,278
25/10/2024 04:38,294
25/10/2024 05:38,309
25/10/2024 06:38,273
25/10/2024 07:38,294
25/10/2024 08:38,269
25/10/2024 09:38,332
25/10/2024 10:38,322
25/10/2024 11:38,284
25/10/2024 12:38,273
25/10/2024 13:38,275
25/10/2024 14:38,305
25/10/2024 15:38,301
25/10/2024 16:38,364
25/10/2024 17:38,294
25/10/2024 18:38,299
25/10/2024 19:38,299
25/10/2024 20:38,316
25/10/2024 21:38,301
25/10/2024 22:38,376
25/10/2024 23:38,295
26/10/2024 00:38,309
26/10/2024 01:38,292
26/10/2024 02:38,355
26/10/2024 03:38,330
26/10/2024 04:38,309
26/10/2024 05:38,252
26/10/2024 06:38,286
26/10/2024 07:38,301
26/10/2024 08:38,269
26/10/2024 09:38,294
26/10/2024 10:38,299
26/10/2024 11:38,320
26/10/2024 12:38,339
26/10/2024 13:38,318
26/10/2024 14:38,368
26/10/2024 15:38,309
26/10/2024 16:38,301
26/10/2024 17:38,337
26/10/2024 18:38,374
26/10/2024 19:38,380
26/10/2024 20:38,413
26/10/2024 21:38,337
26/10/2024 22:38,392
26/10/2024 23:38,337
27/10/2024 00:38,388
27/10/2024 01:38,355
27/10/2024 02:38,378
27/10/2024 02:38,355
27/10/2024 03:38,366
27/10/2024 04:38,400
27/10/2024 05:38,410
27/10/2024 06:38,351
27/10/2024 07:38,361
27/10/2024 08:38,408
27/10/2024 09:38,326
27/10/2024 10:38,353
27/10/2024 11:38,335
27/10/2024 12:38,307
27/10/2024 13:38,288
27/10/2024 14:38,278
27/10/2024 15:38,258
27/10/2024 16:38,284
27/10/2024 17:38,226
27/10/2024 18:38,219
27/10/2024 19:38,164
27/10/2024 20:38,224
27/10/2024 21:38,243
27/10/2024 22:38,208
27/10/2024 23:38,209
28/10/2024 00:38,245
28/10/2024 01:38,208
28/10/2024 02:38,241
28/10/2024 03:38,263
28/10/2024 04:38,233
28/10/2024 05:38,267
28/10/2024 06:38,305
28/10/2024 07:38,307
28/10/2024 08:38,280
28/10/2024 09:38,318
28/10/2024 10:38,273
28/10/2024 11:38,232
28/10/2024 12:38,250
28/10/2024 13:38,263
28/10/2024 14:38,265
28/10/2024 15:38,263
28/10/2024 16:38,267
28/10/2024 17:38,258
28/10/2024 18:38,228
28/10/2024 19:38,217
28/10/2024 20:38,206
28/10/2024 21:38,220
28/10/2024 22:38,208
28/10/2024 23:38,250
29/10/2024 00:38,305
29/10/2024 01:38,267
29/10/2024 02:38,288
29/10/2024 03:38,258
29/10/2024 04:38,275
29/10/2024 05:38,330
29/10/2024 06:38,288
29/10/2024 07:38,337
29/10/2024 08:38,294
29/10/2024 09:38,271
29/10/2024 10:38,273
29/10/2024 11:38,307
29/10/2024 12:38,326
29/10/2024 13:38,326
29/10/2024 14:38,301
29/10/2024 15:38,290
29/10/2024 16:38,294
29/10/2024 17:38,175
29/10/2024 18:38,133
29/10/2024 19:38,138
29/10/2024 20:38,158
29/10/2024 21:38,129
29/10/2024 22:38,191
29/10/2024 23:38,176
30/10/2024 00:38,208
30/10/2024 01:38,187
30/10/2024 02:38,186
30/10/2024 03:38,175
30/10/2024 04:38,142
30/10/2024 05:38,144
30/10/2024 06:38,127
30/10/2024 07:38,113
30/10/2024 08:38,120
30/10/2024 09:38,120
30/10/2024 10:38,99
30/10/2024 11:38,109
30/10/2024 12:38,88
30/10/2024 13:38,67
30/10/2024 14:38,77
30/10/2024 15:38,58
30/10/2024 16:38,74
30/10/2024 17:38,60
30/10/2024 18:38,58
30/10/2024 19:38,51
30/10/2024 20:38,49
30/10/2024 21:38,76
30/10/2024 22:38,63
30/10/2024 23:38,47
31/10/2024 00:38,84
31/10/2024 01:38,77
31/10/2024 02:38,93
31/10/2024 03:38,109
31/10/2024 04:38,113
31/10/2024 05:38,99
31/10/2024 06:38,120
31/10/2024 07:38,151
31/10/2024 08:38,120
31/10/2024 09:38,106
31/10/2024 10:38,118
31/10/2024 11:38,88
31/10/2024 12:38,95
31/10/2024 13:38,111
31/10/2024 14:38,99
31/10/2024 15:38,74
31/10/2024 16:38,67
31/10/2024 17:38,74
31/10/2024 18:38,60
31/10/2024 19:38,67
31/10/2024 20:38,58
31/10/2024 21:38,51
31/10/2024 22:38,44
31/10/2024 23:38,60
01/11/2024 00:38,56
01/11/2024 01:38,53
01/11/2024 02:38,72
01/11/2024 03:38,58
01/11/2024 04:38,65
01/11/2024 05:38,58
01/11/2024 06:38,60
01/11/2024 07:38,44
01/11/2024 08:38,37
01/11/2024 09:38,51
01/11/2024 10:38,51
01/11/2024 11:38,54
01/11/2024 12:38,30
01/11/2024 13:38,12
01/11/2024 14:38,12
01/11/2024 15:38,26
01/11/2024 16:38,14
01/11/2024 17:38,23
01/11/2024 18:38,16
01/11/2024 19:38,33
01/11/2024 20:38,37
01/11/2024 21:38,38
01/11/2024 22:38,30
01/11/2024 23:38,28
02/11/2024 00:38,61
02/11/2024 01:38,67
02/11/2024 02:38,76
02/11/2024 03:38,92
02/11/2024 04:38,79
02/11/2024 05:38,88
02/11/2024 06:38,100
02/11/2024 07:38,138
02/11/2024 08:38,118
02/11/2024 09:38,138
02/11/2024 10:38,178
02/11/2024 11:38,129
02/11/2024 12:38,155
02/11/2024 13:38,156
02/11/2024 14:38,165
02/11/2024 15:38,142
02/11/2024 16:38,129
02/11/2024 17:38,149
02/11/2024 18:38,102
02/11/2024 19:38,86
02/11/2024 20:38,111
02/11/2024 21:38,122
02/11/2024 22:38,129
02/11/2024 23:38,171
03/11/2024 00:38,195
03/11/2024 01:38,175
03/11/2024 02:38,198
03/11/2024 03:38,217
03/11/2024 04:38,187
03/11/2024 05:38,187
03/11/2024 06:38,175
03/11/2024 07:38,187
03/11/2024 08:38,149
03/11/2024 09:38,127
03/11/2024 10:38,133
03/11/2024 11:38,90
03/11/2024 12:38,76
03/11/2024 13:38,86
03/11/2024 14:38,65
03/11/2024 15:38,68
03/11/2024 16:38,45
03/11/2024 17:38,30
03/11/2024 18:38,51
03/11/2024 19:38,61
03/11/2024 20:38,53
03/11/2024 21:38,44
03/11/2024 22:38,56
03/11/2024 23:38,60
04/11/2024 00:38,72
04/11/2024 01:38,84
04/11/2024 02:38,88
04/11/2024 03:38,120
04/11/2024 04:38,88
04/11/2024 05:38,92
04/11/2024 06:38,126
04/11/2024 07:38,115
04/11/2024 08:38,124
04/11/2024 09:38,131
04/11/2024 10:38,120
04/11/2024 11:38,164
04/11/2024 12:38,165
04/11/2024 13:38,147
04/11/2024 14:38,156
04/11/2024 15:38,189
04/11/2024 16:38,200
04/11/2024 17:38,219
04/11/2024 18:38,186
04/11/2024 19:38,176
04/11/2024 20:38,175
04/11/2024 21:38,200
04/11/2024 22:38,198
04/11/2024 23:38,224
05/11/2024 00:38,197
05/11/2024 01:38,165
05/11/2024 02:38,200
05/11/2024 03:38,198
05/11/2024 04:38,187
05/11/2024 05:38,237
05/11/2024 06:38,176
05/11/2024 07:38,197
05/11/2024 08:38,155
05/11/2024 09:38,184
05/11/2024 10:38,226
05/11/2024 11:38,241
05/11/2024 12:38,226
05/11/2024 13:38,220
05/11/2024 14:38,250
05/11/2024 15:38,269
05/11/2024 16:38,186
05/11/2024 17:38,187
05/11/2024 18:38,186
05/11/2024 19:38,211
05/11/2024 20:38,175
05/11/2024 21:38,217
05/11/2024 22:39,241
05/11/2024 23:38,211
06/11/2024 00:38,220
06/11/2024 01:38,226
06/11/2024 02:38,241
06/11/2024 03:38,243
06/11/2024 04:38,250
06/11/2024 05:38,275
06/11/2024 06:38,273
06/11/2024 07:38,305
06/11/2024 08:38,275
06/11/2024 09:38,275
06/11/2024 10:38,248
06/11/2024 11:38,222
06/11/2024 12:38,176
06/11/2024 13:38,169
06/11/2024 14:38,117
06/11/2024 15:38,109
06/11/2024 16:38,189
06/11/2024 17:38,202
06/11/2024 18:38,200
06/11/2024 19:38,256
06/11/2024 20:38,219
06/11/2024 21:38,220
06/11/2024 22:38,220
06/11/2024 23:38,220
07/11/2024 00:38,206
07/11/2024 01:38,248
07/11/2024 02:38,176
07/11/2024 03:38,182
07/11/2024 04:38,187
07/11/2024 05:38,204
07/11/2024 06:38,220
07/11/2024 07:38,211
07/11/2024 08:38,213
07/11/2024 09:38,164
07/11/2024 10:38,200
07/11/2024 11:38,233
07/11/2024 12:38,224
07/11/2024 13:38,217
07/11/2024 14:38,180
07/11/2024 15:38,239
07/11/2024 16:38,213
07/11/2024 17:38,211
07/11/2024 18:38,217
07/11/2024 19:38,226
07/11/2024 20:38,220
07/11/2024 21:38,250
07/11/2024 22:38,243
07/11/2024 23:38,252
08/11/2024 00:38,239
08/11/2024 01:38,246
08/11/2024 02:38,282
08/11/2024 03:38,280
08/11/2024 04:38,263
08/11/2024 05:38,217
08/11/2024 06:38,254
08/11/2024 07:39,250
08/11/2024 08:38,313
08/11/2024 09:38,271
08/11/2024 10:38,295
08/11/2024 11:38,284
08/11/2024 12:38,235
08/11/2024 13:38,256
08/11/2024 14:38,250
08/11/2024 15:38,228
08/11/2024 16:39,246
08/11/2024 17:38,232
08/11/2024 18:38,252
08/11/2024 19:39,233
08/11/2024 20:38,228
08/11/2024 21:38,254
08/11/2024 22:38,254
08/11/2024 23:39,248
09/11/2024 00:39,311
09/11/2024 01:39,295
09/11/2024 02:39,309
09/11/2024 03:39,290
09/11/2024 04:39,324
09/11/2024 05:39,275
09/11/2024 06:39,265
09/11/2024 07:39,334
09/11/2024 08:39,278
09/11/2024 09:39,276
09/11/2024 10:39,278
09/11/2024 11:39,235
09/11/2024 12:39,197
09/11/2024 13:39,265
09/11/2024 14:39,230
09/11/2024 15:39,208
09/11/2024 16:39,228
09/11/2024 17:39,228
09/11/2024 18:39,213
09/11/2024 19:39,211
09/11/2024 20:39,233
09/11/2024 21:39,215
09/11/2024 22:39,248
09/11/2024 23:39,276
10/11/2024 00:39,235
10/11/2024 01:39,237
10/11/2024 02:39,241
10/11/2024 03:39,256
10/11/2024 04:39,217
10/11/2024 05:39,246
10/11/2024 06:39,233
10/11/2024 07:39,265
10/11/2024 08:39,252
10/11/2024 09:39,211
10/11/2024 10:39,191
10/11/2024 11:39,202
10/11/2024 12:39,193
10/11/2024 13:39,151
10/11/2024 14:39,155
10/11/2024 15:39,178
10/11/2024 16:39,182
10/11/2024 17:39,217
10/11/2024 18:39,222
10/11/2024 19:39,260
10/11/2024 20:39,246
10/11/2024 21:39,269
10/11/2024 22:39,252
10/11/2024 23:39,246
11/11/2024 00:39,267
11/11/2024 01:39,316
11/11/2024 02:39,297
11/11/2024 03:39,307
11/11/2024 04:39,386
11/11/2024 05:39,341
11/11/2024 06:39,341
11/11/2024 07:39,347
11/11/2024 08:39,273
11/11/2024 09:39,328
11/11/2024 10:39,276
11/11/2024 11:39,288
11/11/2024 12:39,267
11/11/2024 13:39,273
11/11/2024 14:39,313
11/11/2024 15:39,278
11/11/2024 16:39,286
11/11/2024 17:39,297
11/11/2024 18:39,250
11/11/2024 19:39,232
11/11/2024 20:39,241
11/11/2024 21:39,261
11/11/2024 22:39,275
11/11/2024 23:39,275
12/11/2024 00:39,258
12/11/2024 01:39,241
12/11/2024 02:39,252
12/11/2024 03:39,213
12/11/2024 04:39,267
12/11/2024 05:39,314
12/11/2024 06:39,261
12/11/2024 07:39,265
12/11/2024 08:39,276
12/11/2024 09:39,265
12/11/2024 10:39,245
12/11/2024 11:39,303
12/11/2024 12:39,245
12/11/2024 13:39,313
12/11/2024 14:39,256
12/11/2024 15:39,260
12/11/2024 16:39,254
12/11/2024 17:39,241
12/11/2024 18:39,235
12/11/2024 19:39,230
12/11/2024 20:39,245
12/11/2024 21:39,246
12/11/2024 22:39,222
12/11/2024 23:39,232
13/11/2024 00:39,252
13/11/2024 01:39,267
13/11/2024 02:39,280
13/11/2024 03:39,307
13/11/2024 04:39,288
13/11/2024 05:39,326
13/11/2024 06:39,311
13/11/2024 07:39,294
13/11/2024 08:39,292
13/11/2024 09:39,324
13/11/2024 10:39,311
13/11/2024 11:39,301
13/11/2024 12:39,290
13/11/2024 13:39,320
13/11/2024 14:39,332
13/11/2024 15:39,305
13/11/2024 16:39,322
13/11/2024 17:39,267
13/11/2024 18:39,267
13/11/2024 19:39,239
13/11/2024 20:39,237
13/11/2024 21:39,250
13/11/2024 22:39,256
13/11/2024 23:39,235
14/11/2024 00:39,213
14/11/2024 01:39,191
14/11/2024 02:39,237
14/11/2024 03:39,235
14/11/2024 04:39,173
14/11/2024 05:39,160
14/11/2024 06:39,184
14/11/2024 07:39,155
14/11/2024 08:39,158
14/11/2024 09:39,151
14/11/2024 10:39,138
14/11/2024 11:39,158
14/11/2024 12:39,178
14/11/2024 13:39,175
14/11/2024 14:39,184
14/11/2024 15:39,202
14/11/2024 16:39,165
14/11/2024 17:39,202
14/11/2024 18:39,217
14/11/2024 19:39,178
14/11/2024 20:39,233
14/11/2024 21:39,233
14/11/2024 22:39,246
14/11/2024 23:39,261
15/11/2024 00:39,297
15/11/2024 01:39,239
15/11/2024 02:39,245
15/11/2024 03:39,290
15/11/2024 04:39,280
15/11/2024 05:39,294
15/11/2024 06:39,347
15/11/2024 07:39,311
15/11/2024 08:39,307
15/11/2024 09:39,269
15/11/2024 10:39,284
15/11/2024 11:39,248
15/11/2024 12:39,254
15/11/2024 13:39,202
15/11/2024 14:39,173
15/11/2024 15:39,171
15/11/2024 16:39,158
15/11/2024 17:39,147
15/11/2024 18:39,164
15/11/2024 19:39,144
15/11/2024 20:39,118
15/11/2024 22:39,160
15/11/2024 23:39,142
16/11/2024 00:39,122
16/11/2024 01:39,117
16/11/2024 02:39,120
16/11/2024 03:39,111
16/11/2024 04:39,84
16/11/2024 05:39,117
16/11/2024 06:39,88
16/11/2024 07:39,88
16/11/2024 08:39,76
16/11/2024 09:39,86
16/11/2024 10:39,84
16/11/2024 11:39,76
16/11/2024 12:39,40
16/11/2024 13:39,47
16/11/2024 14:39,49
16/11/2024 15:39,42
16/11/2024 16:39,45
16/11/2024 17:39,47
16/11/2024 18:39,45
16/11/2024 19:39,63
16/11/2024 20:39,53
16/11/2024 21:39,88
16/11/2024 22:39,79
16/11/2024 23:39,63
17/11/2024 00:39,93
17/11/2024 01:39,115
17/11/2024 02:39,68
17/11/2024 03:39,76
17/11/2024 04:39,65
17/11/2024 05:39,86
17/11/2024 06:39,77
17/11/2024 07:39,56
17/11/2024 08:39,61
17/11/2024 09:39,72
17/11/2024 10:39,54
17/11/2024 11:39,58
17/11/2024 12:39,54
17/11/2024 13:39,38
17/11/2024 14:39,58
17/11/2024 15:39,21
17/11/2024 16:39,28
17/11/2024 17:39,31
17/11/2024 18:39,35
17/11/2024 19:39,28
17/11/2024 20:39,74
17/11/2024 21:39,38
17/11/2024 22:39,53
17/11/2024 23:39,49
18/11/2024 00:39,56
18/11/2024 01:39,54
18/11/2024 02:39,45
18/11/2024 03:39,67
18/11/2024 04:39,74
18/11/2024 05:39,47
18/11/2024 06:39,95
18/11/2024 07:39,79
18/11/2024 08:39,86
18/11/2024 09:39,90
18/11/2024 10:39,81
18/11/2024 11:39,86
18/11/2024 12:39,77
18/11/2024 13:39,86
18/11/2024 14:39,102
18/11/2024 15:39,90
18/11/2024 16:39,90
18/11/2024 17:39,77
18/11/2024 18:39,86
18/11/2024 19:39,86
18/11/2024 20:39,81
18/11/2024 21:39,102
18/11/2024 22:39,108
18/11/2024 23:39,127
19/11/2024 00:39,97
19/11/2024 01:39,93
19/11/2024 02:39,109
19/11/2024 03:39,86
19/11/2024 04:39,117
19/11/2024 05:39,108
19/11/2024 06:39,144
19/11/2024 07:39,129
19/11/2024 08:39,167
19/11/2024 09:39,191
19/11/2024 10:39,145
19/11/2024 11:39,153
19/11/2024 12:39,140
19/11/2024 13:39,138
19/11/2024 14:39,175
19/11/2024 15:39,186
19/11/2024 16:39,182
19/11/2024 17:39,176
19/11/2024 18:39,184
19/11/2024 19:39,171
19/11/2024 20:39,158
19/11/2024 21:39,191
19/11/2024 22:39,180
19/11/2024 23:39,184
20/11/2024 00:39,162
20/11/2024 01:39,200
20/11/2024 02:39,122
20/11/2024 03:39,127
20/11/2024 04:39,140
20/11/2024 05:39,147
20/11/2024 06:39,140
20/11/2024 07:39,178
20/11/2024 08:39,142
20/11/2024 09:39,135
20/11/2024 10:39,149
20/11/2024 11:39,133
20/11/2024 12:39,158
20/11/2024 13:39,144
20/11/2024 14:39,124
20/11/2024 15:39,122
20/11/2024 16:39,162
20/11/2024 17:39,153
20/11/2024 18:39,189
20/11/2024 19:39,189
20/11/2024 20:39,180
20/11/2024 21:39,162
20/11/2024 22:39,164
20/11/2024 23:39,208
21/11/2024 00:39,200
21/11/2024 01:39,200
21/11/2024 02:39,230
21/11/2024 03:39,235
21/11/2024 04:39,224
21/11/2024 05:39,260
21/11/2024 06:39,235
21/11/2024 07:39,273
21/11/2024 08:39,282
21/11/2024 09:39,235
21/11/2024 10:39,219
21/11/2024 11:39,211
21/11/2024 12:39,261
21/11/2024 13:39,198
21/11/2024 14:39,158
21/11/2024 15:39,228
21/11/2024 16:39,195
21/11/2024 17:39,206
21/11/2024 18:39,232
21/11/2024 19:39,245
21/11/2024 20:39,263
21/11/2024 21:39,243
21/11/2024 22:39,239
21/11/2024 23:39,243
22/11/2024 00:39,273
22/11/2024 01:39,292
22/11/2024 02:39,273
22/11/2024 03:39,273
22/11/2024 04:39,260
22/11/2024 05:39,258
22/11/2024 06:39,250
22/11/2024 07:39,261
22/11/2024 08:39,284
22/11/2024 09:39,297
22/11/2024 10:39,195
22/11/2024 11:39,261
22/11/2024 12:39,250
22/11/2024 13:39,245
22/11/2024 14:39,224
22/11/2024 15:39,271
22/11/2024 16:39,250
22/11/2024 17:39,222
22/11/2024 18:39,228
22/11/2024 19:39,213
22/11/2024 20:39,197
22/11/2024 21:39,153
22/11/2024 22:39,171
22/11/2024 23:39,165
23/11/2024 00:39,145
23/11/2024 01:39,127
23/11/2024 02:39,140
23/11/2024 03:39,147
23/11/2024 04:39,165
23/11/2024 05:39,135
23/11/2024 06:39,145
23/11/2024 07:39,162
23/11/2024 08:39,160
23/11/2024 09:39,156
23/11/2024 10:39,140
23/11/2024 11:39,126
23/11/2024 12:39,129
23/11/2024 13:39,102
23/11/2024 14:39,88
23/11/2024 15:39,99
23/11/2024 16:39,109
23/11/2024 17:39,86
23/11/2024 18:39,135
23/11/2024 19:39,162
23/11/2024 20:39,153
23/11/2024 21:39,144
23/11/2024 22:39,155
23/11/2024 23:39,182
24/11/2024 00:39,239
24/11/2024 01:39,226
24/11/2024 02:39,219
24/11/2024 03:39,202
24/11/2024 04:39,202
24/11/2024 05:39,184
24/11/2024 06:39,224
24/11/2024 07:39,208
24/11/2024 08:39,211
24/11/2024 09:39,230
24/11/2024 10:39,235
24/11/2024 11:39,217
24/11/2024 12:39,211
24/11/2024 13:39,167
24/11/2024 14:39,187
24/11/2024 15:39,133
24/11/2024 16:39,160
24/11/2024 17:39,124
24/11/2024 18:39,126
24/11/2024 19:39,122
24/11/2024 20:39,97
24/11/2024 21:39,120
24/11/2024 22:39,68
24/11/2024 23:39,76
25/11/2024 00:39,70
25/11/2024 01:39,65
25/11/2024 02:39,63
25/11/2024 03:39,60
25/11/2024 04:39,76
25/11/2024 05:39,53
25/11/2024 06:39,60
25/11/2024 07:39,60
25/11/2024 08:39,63
25/11/2024 09:39,60
25/11/2024 10:39,65
25/11/2024 11:39,70
25/11/2024 12:39,60
25/11/2024 13:39,47
25/11/2024 14:39,58
25/11/2024 15:39,60
25/11/2024 16:39,72
25/11/2024 17:39,54
25/11/2024 18:39,63
25/11/2024 19:39,68
25/11/2024 20:39,74
25/11/2024 21:39,70
25/11/2024 22:39,58
25/11/2024 23:39,81
26/11/2024 00:39,79
26/11/2024 01:39,68
26/11/2024 02:39,79
26/11/2024 03:39,74
26/11/2024 03:39,74
26/11/2024 03:39,74
26/11/2024 04:39,90
26/11/2024 05:39,65
26/11/2024 06:39,84
26/11/2024 07:39,90
26/11/2024 08:39,74
26/11/2024 09:39,84
26/11/2024 10:39,58
26/11/2024 11:39,83
26/11/2024 12:39,61
26/11/2024 13:39,58
26/11/2024 14:39,81
26/11/2024 15:39,95
26/11/2024 16:39,92
26/11/2024 17:39,70
26/11/2024 18:39,108
26/11/2024 19:39,102
26/11/2024 20:39,76
26/11/2024 21:39,86
26/11/2024 22:39,106
26/11/2024 23:39,84
27/11/2024 00:39,109
27/11/2024 01:39,118
27/11/2024 02:39,97
27/11/2024 03:39,81
27/11/2024 04:39,97
27/11/2024 05:39,97
27/11/2024 06:39,93
27/11/2024 07:39,97
27/11/2024 08:39,97
27/11/2024 09:39,90
27/11/2024 10:39,106
27/11/2024 11:39,99
27/11/2024 12:39,97
27/11/2024 13:39,117
27/11/2024 14:39,81
27/11/2024 15:39,118
27/11/2024 16:39,100
27/11/2024 17:39,86
27/11/2024 18:39,70
27/11/2024 19:39,40
27/11/2024 20:39,47
27/11/2024 21:39,81
27/11/2024 22:39,102
27/11/2024 23:39,99
28/11/2024 00:39,124
28/11/2024 01:39,127
28/11/2024 02:39,133
28/11/2024 03:39,164
28/11/2024 04:39,106
28/11/2024 05:39,122
28/11/2024 06:39,133
28/11/2024 07:39,92
28/11/2024 08:39,97
28/11/2024 09:39,76
28/11/2024 10:39,92
28/11/2024 11:39,79
28/11/2024 12:39,97
28/11/2024 13:39,60
28/11/2024 14:39,65
28/11/2024 15:39,68
28/11/2024 16:39,102
28/11/2024 17:39,67
28/11/2024 18:39,93
28/11/2024 19:39,76
28/11/2024 20:39,81
28/11/2024 21:39,88
28/11/2024 22:39,111
28/11/2024 23:39,104
29/11/2024 00:39,81
29/11/2024 01:39,81
29/11/2024 02:39,126
29/11/2024 03:39,92
29/11/2024 04:39,122
29/11/2024 05:39,102
29/11/2024 06:39,138
29/11/2024 07:39,142
29/11/2024 08:39,149
29/11/2024 09:39,131
29/11/2024 10:39,153
29/11/2024 11:39,184
29/11/2024 12:39,162
29/11/2024 13:39,162
29/11/2024 14:39,127
29/11/2024 15:39,120
29/11/2024 16:39,97
29/11/2024 17:39,120
29/11/2024 18:39,135
29/11/2024 19:39,117
29/11/2024 20:39,109
29/11/2024 21:39,129
29/11/2024 22:39,124
29/11/2024 23:39,147
30/11/2024 00:39,138
30/11/2024 01:39,126
30/11/2024 02:39,151
30/11/2024 03:39,158
30/11/2024 04:39,131
30/11/2024 05:39,120
30/11/2024 06:39,81
30/11/2024 07:39,118
30/11/2024 08:39,165
30/11/2024 09:39,124
30/11/2024 10:39,109
30/11/2024 11:39,113
30/11/2024 12:39,118